{
  "project_info": {
    "project_number": "657112914234",
    "project_id": "qcardia-ea9c7",
    "storage_bucket": "qcardia-ea9c7.appspot.com"
  },
  "client": [
    {
      "client_info": {
        "mobilesdk_app_id": "1:657112914234:android:c8f13f1732eb9717b29803",
        "android_client_info": {
          "package_name": "com.example.pwv"
        }
      },
      "oauth_client": [
        {
          "client_id": "657112914234-p5fn7l57j1r428bpapvf0e3qe1ep82s7.apps.googleusercontent.com",
          "client_type": 3
        }
      ],
      "api_key": [
        {
          "current_key": "AIzaSyDjxmROOSEAGDF1y4evR-7OnwNbuzQ5TxY"
        }
      ],
      "services": {
        "appinvite_service": {
          "other_platform_oauth_client": [
            {
              "client_id": "657112914234-p5fn7l57j1r428bpapvf0e3qe1ep82s7.apps.googleusercontent.com",
              "client_type": 3
            }
          ]
        }
      }
    }
  ],
  "configuration_version": "1"
}